{"cameraMode":{"drawMode":0,"name":"Shaded","section":"Shading Mode"},"sceneLighting":false,"audioPlay":false,"sceneViewState":{"m_AlwaysRefresh":false,"showFog":true,"showSkybox":false,"showFlares":true,"showImageEffects":true,"showParticleSystems":true,"showVisualEffectGraphs":true,"m_FxEnabled":true},"in2DMode":false,"pivot":{"x":-0.013799220323562622,"y":-0.00026029348373413086,"z":-0.00003698468208312988},"rotation":{"x":-0.051318660378456119,"y":0.8109835386276245,"z":-0.07195987552404404,"w":-0.5783566236495972},"size":1.2960578203201295,"orthographic":false}