{"cameraMode":{"drawMode":0,"name":"Shaded","section":"Shading Mode"},"sceneLighting":false,"audioPlay":false,"sceneViewState":{"m_AlwaysRefresh":false,"showFog":true,"showSkybox":false,"showFlares":true,"showImageEffects":true,"showParticleSystems":true,"showVisualEffectGraphs":true,"m_FxEnabled":true},"in2DMode":false,"pivot":{"x":0.8006370067596436,"y":0.9191411733627319,"z":0.4237033724784851},"rotation":{"x":0.08898483216762543,"y":-0.826175332069397,"z":0.13629665970802308,"w":0.5393937230110169},"size":0.6276367902755737,"orthographic":false}