{"cameraMode":{"drawMode":0,"name":"Shaded","section":"Shading Mode"},"sceneLighting":false,"audioPlay":false,"sceneViewState":{"m_AlwaysRefresh":false,"showFog":true,"showSkybox":false,"showFlares":true,"showImageEffects":true,"showParticleSystems":true,"showVisualEffectGraphs":true,"m_FxEnabled":true},"in2DMode":false,"pivot":{"x":0.28365060687065127,"y":0.27962836623191836,"z":-0.11709988117218018},"rotation":{"x":-0.000016135301848407835,"y":-0.99998539686203,"z":0.004500091541558504,"w":-0.0036025785375386478},"size":0.6276367902755737,"orthographic":true}