{"cameraMode":{"drawMode":0,"name":"Shaded","section":"Shading Mode"},"sceneLighting":true,"audioPlay":false,"sceneViewState":{"m_AlwaysRefresh":false,"showFog":true,"showSkybox":true,"showFlares":true,"showImageEffects":true,"showParticleSystems":true,"showVisualEffectGraphs":true,"m_FxEnabled":true},"in2DMode":false,"pivot":{"x":384.98809814453127,"y":205.03651428222657,"z":82.23900604248047},"rotation":{"x":0.19294892251491548,"y":-0.7395715117454529,"z":0.23224034905433656,"w":0.6016646027565002},"size":0.8660253882408142,"orthographic":false}