{"cameraMode":{"drawMode":0,"name":"Shaded","section":"Shading Mode"},"sceneLighting":true,"audioPlay":false,"sceneViewState":{"m_AlwaysRefresh":false,"showFog":true,"showSkybox":true,"showFlares":true,"showImageEffects":true,"showParticleSystems":true,"showVisualEffectGraphs":true,"m_FxEnabled":true},"in2DMode":false,"pivot":{"x":10.131587982177735,"y":10.972787857055664,"z":14.915513038635254},"rotation":{"x":-0.0879022628068924,"y":0.8718834519386292,"z":-0.1700482964515686,"w":-0.45090898871421816},"size":0.8660253882408142,"orthographic":false}