{"cameraMode":{"drawMode":0,"name":"Shaded","section":"Shading Mode"},"sceneLighting":true,"audioPlay":false,"sceneViewState":{"m_AlwaysRefresh":false,"showFog":true,"showSkybox":true,"showFlares":true,"showImageEffects":true,"showParticleSystems":true,"showVisualEffectGraphs":true,"m_FxEnabled":true},"in2DMode":false,"pivot":{"x":2.5857315063476564,"y":1.0341087579727173,"z":-0.39530983567237856},"rotation":{"x":-0.07226838916540146,"y":-0.7108814716339111,"z":0.07384668290615082,"w":-0.6956831812858582},"size":1.859379529953003,"orthographic":false}