{"cameraMode":{"drawMode":0,"name":"Shaded","section":"Shading Mode"},"sceneLighting":true,"audioPlay":false,"sceneViewState":{"m_AlwaysRefresh":false,"showFog":true,"showSkybox":true,"showFlares":true,"showImageEffects":true,"showParticleSystems":true,"showVisualEffectGraphs":true,"m_FxEnabled":true},"in2DMode":false,"pivot":{"x":-0.22756680846214295,"y":1.4608074426651,"z":0.6151353120803833},"rotation":{"x":0.08488763868808747,"y":0.8408312797546387,"z":-0.13820357620716096,"w":0.5164451599121094},"size":0.8660253882408142,"orthographic":false}