{"cameraMode":{"drawMode":0,"name":"Shaded","section":"Shading Mode"},"sceneLighting":true,"audioPlay":false,"sceneViewState":{"m_AlwaysRefresh":false,"showFog":true,"showSkybox":true,"showFlares":true,"showImageEffects":true,"showParticleSystems":true,"showVisualEffectGraphs":true,"m_FxEnabled":true},"in2DMode":false,"pivot":{"x":-19.300012588500978,"y":-3.022003650665283,"z":0.4956788122653961},"rotation":{"x":0.0011317930184304715,"y":0.7505556344985962,"z":-0.6606926321983337,"w":0.0014048777520656586},"size":2.8877744674682619,"orthographic":false}