{"cameraMode":{"drawMode":0,"name":"Shaded","section":"Shading Mode"},"sceneLighting":false,"audioPlay":false,"sceneViewState":{"m_AlwaysRefresh":false,"showFog":true,"showSkybox":false,"showFlares":true,"showImageEffects":true,"showParticleSystems":true,"showVisualEffectGraphs":true,"m_FxEnabled":true},"in2DMode":false,"pivot":{"x":0.06113008037209511,"y":0.7565569281578064,"z":-0.11457794904708862},"rotation":{"x":0.045058924704790118,"y":0.9348085522651672,"z":-0.12839990854263307,"w":0.3280491828918457},"size":1.3434844017028809,"orthographic":true}