{"cameraMode":{"drawMode":0,"name":"Shaded","section":"Shading Mode"},"sceneLighting":false,"audioPlay":false,"sceneViewState":{"m_AlwaysRefresh":false,"showFog":true,"showSkybox":false,"showFlares":true,"showImageEffects":true,"showParticleSystems":true,"showVisualEffectGraphs":true,"m_FxEnabled":true},"in2DMode":false,"pivot":{"x":0.07641483098268509,"y":0.300812304019928,"z":0.017391279339790345},"rotation":{"x":-0.0028594261966645719,"y":0.9891195297241211,"z":-0.14615362882614137,"w":-0.019574737176299096},"size":0.5186418890953064,"orthographic":false}