{"cameraMode":{"drawMode":0,"name":"Shaded","section":"Shading Mode"},"sceneLighting":false,"audioPlay":false,"sceneViewState":{"m_AlwaysRefresh":false,"showFog":true,"showSkybox":false,"showFlares":true,"showImageEffects":true,"showParticleSystems":true,"showVisualEffectGraphs":true,"m_FxEnabled":true},"in2DMode":false,"pivot":{"x":0.05203917622566223,"y":0.4130226671695709,"z":0.24023663997650147},"rotation":{"x":0.00006678101635770872,"y":0.9998573660850525,"z":0.01980060152709484,"w":-0.001781770959496498},"size":0.6184900999069214,"orthographic":false}