{"cameraMode":{"drawMode":0,"name":"Shaded","section":"Shading Mode"},"sceneLighting":false,"audioPlay":false,"sceneViewState":{"m_AlwaysRefresh":false,"showFog":true,"showSkybox":false,"showFlares":true,"showImageEffects":true,"showParticleSystems":true,"showVisualEffectGraphs":true,"m_FxEnabled":true},"in2DMode":false,"pivot":{"x":3.809999942779541,"y":0.3163888454437256,"z":0.9100000858306885},"rotation":{"x":0.07171957939863205,"y":-0.8783336281776428,"z":0.13949288427829743,"w":0.4515891671180725},"size":0.8660253882408142,"orthographic":false}