{"cameraMode":{"drawMode":0,"name":"Shaded","section":"Shading Mode"},"sceneLighting":false,"audioPlay":false,"sceneViewState":{"m_AlwaysRefresh":false,"showFog":true,"showSkybox":false,"showFlares":true,"showImageEffects":true,"showParticleSystems":true,"showVisualEffectGraphs":true,"m_FxEnabled":true},"in2DMode":false,"pivot":{"x":-1.5195611715316773,"y":0.26759082078933718,"z":-1.0246866941452027},"rotation":{"x":-0.004487734287977219,"y":0.8667913675308228,"z":-0.007801407016813755,"w":-0.49859750270843508},"size":1.1913113594055176,"orthographic":false}