{"cameraMode":{"drawMode":0,"name":"Shaded","section":"Shading Mode"},"sceneLighting":false,"audioPlay":false,"sceneViewState":{"m_AlwaysRefresh":false,"showFog":true,"showSkybox":false,"showFlares":true,"showImageEffects":true,"showParticleSystems":true,"showVisualEffectGraphs":true,"m_FxEnabled":true},"in2DMode":false,"pivot":{"x":0.5143706798553467,"y":0.3443358540534973,"z":0.5333737134933472},"rotation":{"x":0.10052365809679032,"y":-0.8181530833244324,"z":0.15063859522342683,"w":0.5457783341407776},"size":0.8995210528373718,"orthographic":false}