{"cameraMode":{"drawMode":0,"name":"Shaded","section":"Shading Mode"},"sceneLighting":false,"audioPlay":false,"sceneViewState":{"m_AlwaysRefresh":false,"showFog":true,"showSkybox":false,"showFlares":true,"showImageEffects":true,"showParticleSystems":true,"showVisualEffectGraphs":true,"m_FxEnabled":true},"in2DMode":false,"pivot":{"x":0.3691073954105377,"y":0.6307751536369324,"z":0.9904791712760925},"rotation":{"x":0.04893916845321655,"y":-0.9310278296470642,"z":0.13584944605827332,"w":0.3352113962173462},"size":2.9791274070739748,"orthographic":false}